Name_picture;coordinate
ikea.jpg;50.959339 10.949034
parking.jpg;50.958423 10.949705
roundabout.jpg;50.956447 10.947813
field.jpg;50.961306 10.949082
road.jpg;50.958817 10.952814